parsed,ebird
Acanthis cannabina,NA
Accipiter cooperii,Accipiter cooperii
Accipiter gentilis,Accipiter gentilis
Accipiter gularis,Accipiter gularis
Accipiter nisus,Accipiter nisus
Accipiter soloensis,Accipiter soloensis
Accipiter,NA
Accipiter striatus,Accipiter striatus
Accipiter unidentified,NA
Accipitridae,NA
Accipitriformes,NA
Acrocephalidae,NA
Acrocephalus bistrigiceps,Acrocephalus bistrigiceps
Acrocephalus dumetorum,Acrocephalus dumetorum
Acrocephalus orientalis,Acrocephalus orientalis
Acrocephalus palustris,Acrocephalus palustris
Acrocephalus schoenobaenus,Acrocephalus schoenobaenus
Acrocephalus scirpaceus,Acrocephalus scirpaceus
Actitis hypoleucos,Actitis hypoleucos
Actitis macularia,NA
Actitis macularius,Actitis macularius
Aechmophorus clarkii,Aechmophorus clarkii
Aechmophorus occidentalis,Aechmophorus occidentalis
Aegithalos caudatus,Aegithalos caudatus
Aegolius acadicus,Aegolius acadicus
Aegolius funereus,Aegolius funereus
Aeronautes saxatalis,Aeronautes saxatalis
Aethia cristatella,Aethia cristatella
Aethia psittacula,Aethia psittacula
Agelaius phoeniceus,Agelaius phoeniceus
Agelaius tricolor,Agelaius tricolor
Agropsar philippensis,Agropsar philippensis
Aimophila aestivalis,NA
Aimophila botterii,NA
Aimophila carpalis,NA
Aimophila cassinii,NA
Aimophila ruficeps,Aimophila ruficeps
Aix galericulata,Aix galericulata
Aix sponsa,Aix sponsa
Alauda arvensis,Alauda arvensis
Alaudidae,NA
Alca torda,Alca torda
Alcedo atthis,Alcedo atthis
Alcidae,NA
Alectoris chukar,Alectoris chukar
Alle alle,Alle alle
Amaurornis phoenicurus,Amaurornis phoenicurus
Amazilia violiceps,Amazilia violiceps
Amazilia yucatanensis,Amazilia yucatanensis
Ammodramus bairdii,NA
Ammodramus caudacutus,NA
Ammodramus henslowii,NA
Ammodramus leconteii,NA
Ammodramus maritimus,NA
Ammodramus nelsoni,NA
Ammodramus savannarum,Ammodramus savannarum
Amphispiza belli,NA
Amphispiza bilineata,Amphispiza bilineata
Anas,NA
Anas acuta,Anas acuta
Anas americana,NA
Anas clypeata,NA
Anas crecca,Anas crecca
Anas cyanoptera,NA
Anas discors,NA
Anas falcata,NA
Anas penelope,NA
Anas platyrhynchos,Anas platyrhynchos
Anas querquedula,NA
Anas rubripes,Anas rubripes
Anas strepera,NA
Anas zonorhyncha,Anas zonorhyncha
Anatidae,NA
Anous,NA
Anous minutus,Anous minutus
Anous stolidus,Anous stolidus
Anous tenuirostris,Anous tenuirostris
Anser,NA
Anser albifrons,Anser albifrons
Anser caerulescens,Anser caerulescens
Anser fabalis,Anser fabalis
Anseriformes,NA
Anthracothorax viridis,Anthracothorax viridis
Anthus hodgsoni,Anthus hodgsoni
Anthus pratensis,Anthus pratensis
Anthus richardi,Anthus richardi
Anthus rubescens,Anthus rubescens
Anthus spinoletta,Anthus spinoletta
Anthus spragueii,Anthus spragueii
Anthus trivialis,Anthus trivialis
Antus cervinus,NA
Aphelocoma californica,Aphelocoma californica
Aphelocoma coerulescens,Aphelocoma coerulescens
Aphelocoma ultramarina,Aphelocoma ultramarina
Apodidae,NA
Aptenodytes forsteri,Aptenodytes forsteri
Aptenodytes patagonicus,Aptenodytes patagonicus
Apus apus,Apus apus
Apus nipalensis,Apus nipalensis
Apus pacificus,Apus pacificus
Aquila chrysaetos,Aquila chrysaetos
Aquila chrysaetus,NA
Aquila heliacal,NA
Aquila pomarina,NA
Aquila rapax,Aquila rapax
Archilochus alexandri,Archilochus alexandri
Archilochus colubris,Archilochus colubris
Ardea alba,Ardea alba
Ardea cinerea,Ardea cinerea
Ardea herodias,Ardea herodias
Ardeidae,NA
Arenaria interpres,Arenaria interpres
Arenaria melanocephala,Arenaria melanocephala
Arremonops rufivirgatus,Arremonops rufivirgatus
Asio flammeus,Asio flammeus
Asio otus,Asio otus
Asturina plagiata,NA
Athene cunicularia,Athene cunicularia
Auriparus flaviceps,Auriparus flaviceps
Aves,NA
Aythya affinis,Aythya affinis
Aythya americana,Aythya americana
Aythya collaris,Aythya collaris
Aythya ferina,Aythya ferina
Aythya fuligula,Aythya fuligula
Aythya marila,Aythya marila
Aythya valisineria,Aythya valisineria
Baeolophus bicolor,Baeolophus bicolor
Baeolophus inornatus,Baeolophus inornatus
Baeolophus ridgwayi,Baeolophus ridgwayi
Bambusicola thoracica,NA
Bambusicola thoracicus,Bambusicola thoracicus
Bartramia longicauda,Bartramia longicauda
Bombycilla cedrorum,Bombycilla cedrorum
Bombycilla garrulus,Bombycilla garrulus
Bombycilla japonica,Bombycilla japonica
Bombycillidae,NA
Bombycillidae,NA
Bonasa bonasia,NA
Bonasa umbellus,Bonasa umbellus
Botaurus lentiginosus,Botaurus lentiginosus
Brachyramphus marmoratus,Brachyramphus marmoratus
Branta bernicla,Branta bernicla
Branta canadensis,Branta canadensis
Bubo bubo,Bubo bubo
Bubo spec,NA
Bubo virginianus,Bubo virginianus
Bubulcus ibis,Bubulcus ibis
Bucephala,NA
Bucephala albeola,Bucephala albeola
Bucephala clangula,Bucephala clangula
Bucephala islandica,Bucephala islandica
Bulweria bulwerii,Bulweria bulwerii
Butastur indicus,Butastur indicus
Buteo albicaudatus,NA
Buteo albonotatus,Buteo albonotatus
Buteo buteo,Buteo buteo
Buteo jamaicensis,Buteo jamaicensis
Buteo lagopus,Buteo lagopus
Buteo lineatus,Buteo lineatus
Buteo platypterus,Buteo platypterus
Buteo regalis,Buteo regalis
Buteo swainsoni,Buteo swainsoni
Butorides striata,Butorides striata
Butorides virescens,Butorides virescens
Calamospiza melanocorys,Calamospiza melanocorys
Calcarius lapponicus,Calcarius lapponicus
Calcarius mccownii,NA
Calcarius ornatus,Calcarius ornatus
Calidris acuminata,Calidris acuminata
Calidris alba,Calidris alba
Calidris alpina,Calidris alpina
Calidris bairdii,Calidris bairdii
Calidris canutus,Calidris canutus
Calidris ferruginea,Calidris ferruginea
Calidris fuscicollis,Calidris fuscicollis
Calidris maritima,Calidris maritima
Calidris mauri,Calidris mauri
Calidris melanotos,Calidris melanotos
Calidris minuta,Calidris minuta
Calidris minutilla,Calidris minutilla
Calidris ptilocnemis,Calidris ptilocnemis
Calidris pusilla,Calidris pusilla
Calidris ruficollis,Calidris ruficollis
Calidris subminuta,Calidris subminuta
Calidris temminckii,Calidris temminckii
Calidris tenuirostris,Calidris tenuirostris
Callipepla californica,Callipepla californica
Callipepla gambelii,Callipepla gambelii
Callipepla squamata,Callipepla squamata
Calonectris diomedea,Calonectris diomedea
Calypte anna,Calypte anna
Calypte costae,Calypte costae
Campephagidae,NA
Camptostoma imberbe,Camptostoma imberbe
Campylorhynchus brunneica,NA
Campylorhynchus brunneicapillus,Campylorhynchus brunneicapillus
Caprimulgus carolinensis,NA
Caprimulgus europaeus,Caprimulgus europaeus
Caprimulgus indicus,Caprimulgus indicus
Caprimulgus vociferus,NA
Cardellina canadensis,Cardellina canadensis
Cardellina rubrifrons,Cardellina rubrifrons
Cardinalidae,NA
Cardinalis cardinalis,Cardinalis cardinalis
Cardinalis sinuatus,Cardinalis sinuatus
Carduelis caniceps,NA
Carduelis cannabina,NA
Carduelis carduelis,Carduelis carduelis
Carduelis chloris,NA
Carduelis flammea,NA
Carduelis flavirostris,NA
Carduelis hornemanni,NA
Carduelis lawrencei,NA
Carduelis pinus,NA
Carduelis psaltria,NA
Carduelis spinus,NA
Carduelis tristis,NA
Carpodacus cassinii,NA
Carpodacus erythrinus,Carpodacus erythrinus
Carpodacus mexicanus,NA
Carpodacus purpureus,NA
Carpodacus roseus,Carpodacus roseus
Casmerodius albus,NA
Catharacta,NA
Catharacta antarctica,NA
Catharacta lonnbergi,NA
Catharacta maccormicki,NA
Catharacta skua,NA
Cathartes aura,Cathartes aura
Catharus bicknelli,Catharus bicknelli
Catharus fuscescens,Catharus fuscescens
Catharus guttatus,Catharus guttatus
Catharus minimus,Catharus minimus
Catharus mustelinus,NA
Catharus ustulatus,Catharus ustulatus
Catherpes mexicanus,Catherpes mexicanus
Catoptrophorus semipalmatus,NA
Centrocercus minimus,Centrocercus minimus
Centrocercus urophasianus,Centrocercus urophasianus
Cepphus,NA
Cepphus carbo,Cepphus carbo
Cepphus columba,Cepphus columba
Cepphus grylle,Cepphus grylle
Cepphus,NA
Cerorhinca monocerata,Cerorhinca monocerata
Certhia americana,Certhia americana
Certhia familaris,NA
Certhia familiaris,Certhia familiaris
Ceryle alcyon,NA
Cettia diphone,NA
Cettiidae,NA
Chaetura pelagica,Chaetura pelagica
Chaetura vauxi,Chaetura vauxi
Chamaea fasciata,Chamaea fasciata
Charadriidae,NA
Charadriiformes,NA
Charadrius alexandrinus,Charadrius alexandrinus
Charadrius dubius,Charadrius dubius
Charadrius hiaticula,Charadrius hiaticula
Charadrius leschenaultii,Charadrius leschenaultii
Charadrius mongolus,Charadrius mongolus
Charadrius montanus,Charadrius montanus
Charadrius morinellus,Charadrius morinellus
Charadrius placidus,Charadrius placidus
Charadrius semipalmatus,Charadrius semipalmatus
Charadrius veredus,Charadrius veredus
Charadrius vociferus,Charadrius vociferus
Chen caerulescens,NA
Chlidonias hybridus,NA
Chlidonias leucopteru,NA
Chlidonias leucopterus,Chlidonias leucopterus
Chlidonias niger,Chlidonias niger
Chloris sinica,Chloris sinica
Chlorostilbon maugeanus,NA
Chondestes grammacus,Chondestes grammacus
Chordeiles acutipennis,Chordeiles acutipennis
Chordeiles minor,Chordeiles minor
Ciconiiformes,NA
Cinclus cinclus,Cinclus cinclus
Cinclus mexicanus,Cinclus mexicanus
Cinclus pallasii,Cinclus pallasii
Circus aeruginosus,Circus aeruginosus
Circus cyaneus,Circus cyaneus
Circus melanoleucus,NA
Circus pygargus,Circus pygargus
Cisticola juncidis,Cisticola juncidis
Cistothorus palustris,Cistothorus palustris
Cistothorus platensis,Cistothorus platensis
Clangula hyemalis,Clangula hyemalis
Coccothraustes coccothraustes,Coccothraustes coccothraustes
Coccothraustes vespertinus,Coccothraustes vespertinus
Coccyzus americanus,Coccyzus americanus
Coccyzus erythropthalmus,Coccyzus erythropthalmus
Coccyzus vieilloti,Coccyzus vieilloti
Coereba flaveola,Coereba flaveola
Colaptes auratus,Colaptes auratus
Colaptes auratus auratus,NA
Colaptes chrysoides,Colaptes chrysoides
Colinus virginianus,Colinus virginianus
Colluricincla harmonica,Colluricincla harmonica
Columba fasciata,NA
Columba janthina,Columba janthina
Columba livia,Columba livia
Columba oenas,Columba oenas
Columba palumbus,Columba palumbus
Columbidae,NA
Columbina inca,Columbina inca
Columbina passerina,Columbina passerina
Contopus borealis,NA
Contopus cooperi,Contopus cooperi
Contopus latirostris,Contopus latirostris
Contopus pertinax,Contopus pertinax
Contopus sordidulus,Contopus sordidulus
Contopus spec,NA
Contopus virens,Contopus virens
Coragyps atratus,Coragyps atratus
Corvidae,NA
Corvidae,NA
Corvus brachyrhynchos,Corvus brachyrhynchos
Corvus caurinus,Corvus caurinus
Corvus corax,Corvus corax
Corvus cornix,Corvus cornix
Corvus corone,Corvus corone
Corvus cryptoleucus,Corvus cryptoleucus
Corvus dauuricus,Corvus dauuricus
Corvus frugilegus,Corvus frugilegus
Corvus macrorhynchos,Corvus macrorhynchos
Corvus monedula,Corvus monedula
Corvus ossifragus,Corvus ossifragus
Corvus,NA
Corvus spec,NA
Coturnix coturnix,Coturnix coturnix
Crex crex,Crex crex
Crotophaga ani,Crotophaga ani
Crotophaga sulcirostris,Crotophaga sulcirostris
Cuculidae,NA
Cuculus canorus,Cuculus canorus
Cuculus micropterus,Cuculus micropterus
Cuculus optatus,Cuculus optatus
Cuculus poliocephalus,Cuculus poliocephalus
Cuculus saturatus,Cuculus saturatus
Cyanistes caeruleus,Cyanistes caeruleus
Cyanistes cyanus,Cyanistes cyanus
Cyanocitta cristata,Cyanocitta cristata
Cyanocitta stelleri,Cyanocitta stelleri
Cyanocorax yncas,Cyanocorax yncas
Cyanopica cyanus,Cyanopica cyanus
Cyanoptila cyanomelana,Cyanoptila cyanomelana
Cygnus,NA
Cygnus buccinator,Cygnus buccinator
Cygnus columbianus,Cygnus columbianus
Cygnus cygnus,Cygnus cygnus
Cygnus olor,Cygnus olor
Cygnus,NA
Cynanthus latirostris,Cynanthus latirostris
Cypseloides niger,Cypseloides niger
Cyrtonyx montezumae,Cyrtonyx montezumae
Daption capense,Daption capense
Delichon dasypus,Delichon dasypus
Dendragapus canadensis,NA
Dendragapus obscurus,Dendragapus obscurus
Dendrocopos kizuki,NA
Dendrocopos leucotos,Dendrocopos leucotos
Dendrocopos major,Dendrocopos major
Dendrocopos medius,NA
Dendrocopos minor,NA
Dendrocopos,NA
Dendroica caerulescens,NA
Dendroica castanea,NA
Dendroica cerulea,NA
Dendroica coronata,NA
Dendroica discolor,NA
Dendroica dominica,NA
Dendroica fusca,NA
Dendroica graciae,NA
Dendroica magnolia,NA
Dendroica nigrescens,NA
Dendroica occidentalis,NA
Dendroica palmarum,NA
Dendroica pensylvanica,NA
Dendroica petechia,NA
Dendroica pinus,NA
Dendroica stirata,NA
Dendroica striata,NA
Dendroica tigrina,NA
Dendroica townsendi,NA
Dendroica virens,NA
Diomedea,NA
Diomedea albatrus,NA
Diomedea amsterdamens,NA
Diomedea epomophora,Diomedea epomophora
Diomedea exulans,Diomedea exulans
Diomedea immutabilis,NA
Diomedea nigripes,NA
Diomedea royal,NA
Diomedea sanfordi,NA
Diomedeidae,NA
Dolichonyx oryzivorus,Dolichonyx oryzivorus
Dryocopus martius,Dryocopus martius
Dryocopus pileatus,Dryocopus pileatus
Dumetella carolinensis,Dumetella carolinensis
Egretta garzetta,Egretta garzetta
Egretta intermedia,NA
Egretta sacra,Egretta sacra
Egretta thula,Egretta thula
Elanoides forficatus,Elanoides forficatus
Elanus leucurus,Elanus leucurus
Emberiza aureola,Emberiza aureola
Emberiza cioides,Emberiza cioides
Emberiza citrinella,Emberiza citrinella
Emberiza elegans,Emberiza elegans
Emberiza fucata,Emberiza fucata
Emberiza hortulana,Emberiza hortulana
Emberiza leucocephala,NA
Emberiza rustica,Emberiza rustica
Emberiza schoeniclus,Emberiza schoeniclus
Emberiza,NA
Emberiza spodocephala,Emberiza spodocephala
Emberiza sulphurata,Emberiza sulphurata
Emberiza variabilis,Emberiza variabilis
Emberiza yessoensis,Emberiza yessoensis
Emberizidae,NA
Empidonax alnorum,Empidonax alnorum
Empidonax difficilis,Empidonax difficilis
Empidonax flaviventris,Empidonax flaviventris
Empidonax hammondii,Empidonax hammondii
Empidonax minimus,Empidonax minimus
Empidonax oberholseri,Empidonax oberholseri
Empidonax occidentalis,Empidonax occidentalis
Empidonax species,NA
Empidonax traillii,Empidonax traillii
Empidonax unidentified,NA
Empidonax virescens,Empidonax virescens
Empidonax wrightii,Empidonax wrightii
Eophona migratoria,Eophona migratoria
Eophona personata,Eophona personata
Eremophila alpestris,Eremophila alpestris
Erithacus rubecula,Erithacus rubecula
Eudyptes chrysocome,Eudyptes chrysocome
Eudyptes glaucoides,NA
Eudyptula cornutus,NA
Euphagus carolinus,Euphagus carolinus
Euphagus cyanocephalus,Euphagus cyanocephalus
Euphonia elegantissima,Euphonia elegantissima
Eurynorhynchus pygmeus,NA
Falcipennis canadensis,Falcipennis canadensis
Falco amurensis,Falco amurensis
Falco cherrug,Falco cherrug
Falco columbarius,Falco columbarius
Falco mexicanus,Falco mexicanus
Falco naumanni,Falco naumanni
Falcon unidentified,NA
Falco peregrinus,Falco peregrinus
Falco rusticolus,Falco rusticolus
Falco sparverius,Falco sparverius
Falco subbuteo,Falco subbuteo
Falco tinnunculus,Falco tinnunculus
Falco vespertinus,Falco vespertinus
Ficedula albicilla,Ficedula albicilla
Ficedula albicollis,Ficedula albicollis
Ficedula hypoleuca,Ficedula hypoleuca
Ficedula mugimaki,Ficedula mugimaki
Ficedula narcissina,Ficedula narcissina
Ficedula parva,Ficedula parva
Fratercula,NA
Fratercula arctica,Fratercula arctica
Fratercula cirrhata,Fratercula cirrhata
Fratercula corniculata,Fratercula corniculata
Fregata,NA
Fregata magnificens,Fregata magnificens
Fregata minor,Fregata minor
Fregetta grallaria,Fregetta grallaria
Fregetta tropica,Fregetta tropica
Fringilla coelebs,Fringilla coelebs
Fringilla montifringilla,Fringilla montifringilla
Fringillidae,NA
Fulica americana,Fulica americana
Fulica atra,Fulica atra
Fulmarus,NA
Fulmarus glacialis,Fulmarus glacialis
Fulmarus glacialoides,Fulmarus glacialoides
Gallinago delicata,Gallinago delicata
Gallinago gallinago,Gallinago gallinago
Gallinago hardwickii,Gallinago hardwickii
Gallinago media,Gallinago media
Gallinago megala,Gallinago megala
Gallinago solitaria,Gallinago solitaria
Gallinago,NA
Gallinago stenura,Gallinago stenura
Gallinula chloropus,Gallinula chloropus
Garrodia nereis,Garrodia nereis
Garrulax canorus,Garrulax canorus
Garrulax cineraceus,NA
Garrulax sannio,NA
Garrulus glandarius,Garrulus glandarius
Garrulus lidthi,Garrulus lidthi
Gavia,NA
Gavia arctia,NA
Gavia arctica,Gavia arctica
Gavia immer,Gavia immer
Gavia pacifica,Gavia pacifica
Gavia stellata,Gavia stellata
Gaviiformes,NA
Geococcyx californianus,Geococcyx californianus
Geothlypis philadelphia,Geothlypis philadelphia
Geothlypis trichas,Geothlypis trichas
Geotrygon montana,Geotrygon montana
Glareola maldivarum,Glareola maldivarum
Glaucidium californicum,NA
Glaucidium gnoma,Glaucidium gnoma
Glaucidium passerinum,Glaucidium passerinum
Gorsachius goisagi,Gorsachius goisagi
Gorsachius melanolophus,Gorsachius melanolophus
Grus canadensis,NA
Grus grus,Grus grus
Guiraca caerulea,NA
Gygis alba,Gygis alba
Gygis candida,NA
Gymnorhinus cyanocephalus,Gymnorhinus cyanocephalus
Haematopus,NA
Haematopus bachmani,Haematopus bachmani
Haematopus moquini,Haematopus moquini
Haematopus ostralegus,Haematopus ostralegus
Haemorhous mexicanus,Haemorhous mexicanus
Haemorhous purpureus,Haemorhous purpureus
Halcyon coromanda,Halcyon coromanda
Haliaeetus albicilla,Haliaeetus albicilla
Haliaeetus leucocephalus,Haliaeetus leucocephalus
Haliaeetus pelagicus,Haliaeetus pelagicus
Halobaena caerulea,Halobaena caerulea
Halocyptena microsoma,NA
Helmitheros vermivorum,Helmitheros vermivorum
Helmitheros vermivorus,NA
Hesperiphona vespertina,NA
Heteroscelus brevipes,NA
Heteroscelus incanus,NA
Hierococcyx hyperythrus,Hierococcyx hyperythrus
Himantopus himantopus,Himantopus himantopus
Hippolais icterina,Hippolais icterina
Hirundapus caudacutus,Hirundapus caudacutus
Hirundinidae,NA
Hirundo daurica,NA
Hirundo fulva,NA
Hirundo pyrrhonota,NA
Hirundo rustica,Hirundo rustica
Hirundo tahitica,Hirundo tahitica
Histrionicus histrionicus,Histrionicus histrionicus
Hydrobates pelagicus,Hydrobates pelagicus
Hydrobatidae,NA
Hydrophasianus chirurgus,Hydrophasianus chirurgus
Hylocichla mustelina,Hylocichla mustelina
Hypsipetes amaurotis,Hypsipetes amaurotis
Icteria virens,Icteria virens
Icterus bullockii,Icterus bullockii
Icterus cucullatus,Icterus cucullatus
Icterus galbula,Icterus galbula
Icterus parisorum,Icterus parisorum
Icterus spurius,Icterus spurius
Ictinia mississippiensis,Ictinia mississippiensis
Ixobrychus sinensis,Ixobrychus sinensis
Ixoreus naevius,Ixoreus naevius
Junco hyemalis,Junco hyemalis
Jynx torquilla,Jynx torquilla
Lagopus lagopus,Lagopus lagopus
Lagopus mutus,NA
Laniidae,NA
Lanius bucephalus,Lanius bucephalus
Lanius collurio,Lanius collurio
Lanius excubitor,Lanius excubitor
Lanius ludovicianus,Lanius ludovicianus
Laridae,NA
Larus,NA
Larus argentatus,Larus argentatus
Larus atricilla,NA
Larus audouinii,NA
Larus cachinnans,Larus cachinnans
Larus californicus,Larus californicus
Larus canus,Larus canus
Larus cirrocephalus,NA
Larus crassirostris,Larus crassirostris
Larus delawarensis,Larus delawarensis
Larus dominicanus,Larus dominicanus
Larus fuscus,Larus fuscus
Larus glaucescens,Larus glaucescens
Larus glaucoides,Larus glaucoides
Larus hartlaubii,NA
Larus heermanni,Larus heermanni
Larus hemprichii,NA
Larus hyperboreus,Larus hyperboreus
Larus hyuperboreus,NA
Larus leucopthalmus,NA
Larus marinus,Larus marinus
Larus melanocephalus,NA
Larus michahellis,Larus michahellis
Larus minutus,NA
Larus novaehollandiae,NA
Larus occidentalis,Larus occidentalis
Larus pacificus,Larus pacificus
Larus philadelphia,NA
Larus pipixcan,NA
Larus ridibundus,NA
Larus sabini,NA
Larus saundersi,NA
Larus schistisagus,Larus schistisagus
Larus thayeri,NA
Lavius collurio,NA
Leiothrix lutea,Leiothrix lutea
Leptotila verreauxi,Leptotila verreauxi
Leucosticte arctoa,Leucosticte arctoa
Leucosticte tephrocotis,Leucosticte tephrocotis
Limicola falcinellus,NA
Limnodromus,NA
Limnodromus scolopaceus,Limnodromus scolopaceus
Limnodromus semipalmatus,Limnodromus semipalmatus
Limnothlypis swainsonii,Limnothlypis swainsonii
Limosa,NA
Limosa fedoa,Limosa fedoa
Limosa haemastica,Limosa haemastica
Limosa lapponica,Limosa lapponica
Limosa limosa,Limosa limosa
Locustella fasciolata,Locustella fasciolata
Locustella fluviatilis,Locustella fluviatilis
Locustella lanceolata,Locustella lanceolata
Locustella naevia,Locustella naevia
Locustella ochotensis,Locustella ochotensis
Lonchura punctulata,Lonchura punctulata
Lophodytes cucullatus,Lophodytes cucullatus
Lophophanes cristatus,Lophophanes cristatus
Lophophnaes cristatus,NA
Loxia curvirostra,Loxia curvirostra
Loxia leucoptera,Loxia leucoptera
Loxigilla portoricensis,NA
Lugensa brevirostris,NA
Lugensa pterodroma,NA
Luscina calliope,NA
Luscinia akahige,NA
Luscinia calliope,NA
Luscinia cyane,NA
Luscinia luscinia,Luscinia luscinia
Luscinia svecica,Luscinia svecica
Macronectes giganteus,Macronectes giganteus
Macronectes halli,Macronectes halli
Macronectes,NA
Margarops fuscatus,Margarops fuscatus
Megaceryle alcyon,Megaceryle alcyon
Megaceryle lugubris,Megaceryle lugubris
Megadyptes antipodes,Megadyptes antipodes
Megascops kennicottii,Megascops kennicottii
Megascops spec,NA
Melanerpes aurifrons,Melanerpes aurifrons
Melanerpes carolinus,Melanerpes carolinus
Melanerpes erythrocephalus,Melanerpes erythrocephalus
Melanerpes formicivorus,Melanerpes formicivorus
Melanerpes lewis,Melanerpes lewis
Melanerpes portoricensis,Melanerpes portoricensis
Melanerpes uropygialis,Melanerpes uropygialis
Melanerpus carolinus,NA
Melanitta,NA
Melanitta americana,Melanitta americana
Melanitta fusca,Melanitta fusca
Melanitta nigra,Melanitta nigra
Melanitta perspicillata,Melanitta perspicillata
Meleagris gallopavo,Meleagris gallopavo
Melospiza georgiana,Melospiza georgiana
Melospiza lincolnii,Melospiza lincolnii
Melospiza melodia,Melospiza melodia
Mergellus albellus,Mergellus albellus
Mergus,NA
Mergus albellus,NA
Mergus merganser,Mergus merganser
Mergus serrator,Mergus serrator
Micrathene whitneyi,Micrathene whitneyi
Milvus migrans,Milvus migrans
Mimus polyglottos,Mimus polyglottos
Mniotilta varia,Mniotilta varia
Molothrus aeneus,Molothrus aeneus
Molothrus ater,Molothrus ater
Molothrus bonariensis,Molothrus bonariensis
Monticola solitarius,Monticola solitarius
Morus bassanus,Morus bassanus
Morus capensis,Morus capensis
Morus serrator,Morus serrator
Motacilla alba,Motacilla alba
Motacilla cinerea,Motacilla cinerea
Motacilla flava,Motacilla flava
Motacilla grandis,Motacilla grandis
Motacilla personata,NA
Motacillidae,NA
Muscicapa dauurica,Muscicapa dauurica
Muscicapa griseisticta,Muscicapa griseisticta
Muscicapa sibirica,Muscicapa sibirica
Muscicapa,NA
Muscicapa striata,Muscicapa striata
Muscicapidae,NA
Myadestes townsendi,Myadestes townsendi
Myiarchus antillarum,Myiarchus antillarum
Myiarchus cinerascens,Myiarchus cinerascens
Myiarchus crinitus,Myiarchus crinitus
Myiarchus tuberculifer,Myiarchus tuberculifer
Myiarchus tyrannulus,Myiarchus tyrannulus
Myioborus pictus,Myioborus pictus
Myiodynastes luteiventris,Myiodynastes luteiventris
Myiopsitta monachus,Myiopsitta monachus
Nesofregetta fuliginosa,Nesofregetta fuliginosa
Nesospingus speculiferus,Nesospingus speculiferus
Ninox scutulata,Ninox scutulata
Nucifraga caryocatactes,Nucifraga caryocatactes
Nucifraga columbiana,Nucifraga columbiana
Numenius americanus,Numenius americanus
Numenius arquata,Numenius arquata
Numenius madagascariensis,Numenius madagascariensis
Numenius minutus,Numenius minutus
Numenius phaeopus,Numenius phaeopus
Nyctea scandiaca,NA
Nycticorax nycticorax,Nycticorax nycticorax
Nyctidromus albicollis,Nyctidromus albicollis
Oceanites oceanicus,Oceanites oceanicus
Oceanodroma,NA
Oceanodroma castro,Oceanodroma castro
Oceanodroma furcata,Oceanodroma furcata
Oceanodroma homochroa,Oceanodroma homochroa
Oceanodroma leucorhoa,Oceanodroma leucorhoa
Oceanodroma melania,Oceanodroma melania
Oceanodroma microsoma,Oceanodroma microsoma
Oceanodroma tethys,Oceanodroma tethys
Oenanthe oenanthe,Oenanthe oenanthe
Oporornis agilis,Oporornis agilis
Oporornis formosus,NA
Oporornis philadelphia,NA
Oporornis tolmiei,NA
Oreortyx pictus,Oreortyx pictus
Oreoscoptes montanus,Oreoscoptes montanus
Oreothlypis ruficapilla,NA
Oriolus chinensis,Oriolus chinensis
Oriolus oriolus,Oriolus oriolus
Ortalis vetula,Ortalis vetula
Otus asio,NA
Otus elegans,Otus elegans
Otus flammeolus,NA
Otus kennicottii,NA
Otus lempiji,Otus lempiji
Otus sunia,Otus sunia
Oxyura jamaicensis,Oxyura jamaicensis
Pachyptila belcheri,Pachyptila belcheri
Pachyptila crassirost,NA
Pachyptila crassirostris,Pachyptila crassirostris
Pachyptila desolata,Pachyptila desolata
Pachyptila eatoni,NA
Pachyptila salvini,Pachyptila salvini
Pachyptila,NA
Pachyptila turtur,Pachyptila turtur
Pachyptila vittata,Pachyptila vittata
Pagodroma nivea,Pagodroma nivea
Pagophila eburnea,Pagophila eburnea
Pandion haliaetus,Pandion haliaetus
Parabuteo unicinctus,Parabuteo unicinctus
Paridae,NA
Parkesia motacilla,Parkesia motacilla
Parkesia noveboracensis,Parkesia noveboracensis
Parula americana,NA
Parus ater,NA
Parus atricapillus,NA
Parus atricristatus,NA
Parus bicolor,NA
Parus caeruleus,NA
Parus carolinensis,NA
Parus cinctus,NA
Parus cristatus,NA
Parus gambeli,NA
Parus hudsonicus,NA
Parus major,Parus major
Parus minor,Parus minor
Parus montanus,NA
Parus palustris,NA
Parus rufescens,NA
Parus,NA
Parus wollweberi,NA
Passerculus sandwichensis,Passerculus sandwichensis
Passer domesticus,Passer domesticus
Passerella iliaca,Passerella iliaca
Passeridae,NA
Passeriformes,NA
Passerina amoena,Passerina amoena
Passerina ciris,Passerina ciris
Passerina cyanea,Passerina cyanea
Passerina versicolor,Passerina versicolor
Passer montanus,Passer montanus
Passer rutilans,NA
Pastor roseus,Pastor roseus
Patagioenas squamosa,Patagioenas squamosa
Pavo cristatus,Pavo cristatus
Pelagodroma,NA
Pelagodroma marina,Pelagodroma marina
Pelecanoides georgicus,Pelecanoides georgicus
Pelecanoides,NA
Pelecanoides urinatrix,Pelecanoides urinatrix
Pelecanus erythrorhynchos,Pelecanus erythrorhynchos
Pelecanus occidentalis,Pelecanus occidentalis
Pelecanus onocrotalus,Pelecanus onocrotalus
Perdix perdix,Perdix perdix
Pericrocotus divaricatus,Pericrocotus divaricatus
Periparus ater,Periparus ater
Perisoreus canadensis,Perisoreus canadensis
Pernis apivorus,Pernis apivorus
Pernis ptilorhynchus,Pernis ptilorhynchus
Petrochelidon pyrrhonota,Petrochelidon pyrrhonota
Peucedramus taeniatus,Peucedramus taeniatus
Phaethon,NA
Phaethon aethereus,Phaethon aethereus
Phaethon lepturus,Phaethon lepturus
Phaethon rubricauda,Phaethon rubricauda
Phainopepla,NA
Phainopepla nitens,Phainopepla nitens
Phalacrocoracidae,NA
Phalacrocoracidae,NA
Phalacrocorax,NA
Phalacrocorax aristotelis,Phalacrocorax aristotelis
Phalacrocorax atricep,NA
Phalacrocorax atriceps,Phalacrocorax atriceps
Phalacrocorax auritus,Phalacrocorax auritus
Phalacrocorax campbel,NA
Phalacrocorax capensi,NA
Phalacrocorax capillatus,Phalacrocorax capillatus
Phalacrocorax carbo,Phalacrocorax carbo
Phalacrocorax coronat,NA
Phalacrocorax fuscescens,Phalacrocorax fuscescens
Phalacrocorax neglect,NA
Phalacrocorax pelagicus,Phalacrocorax pelagicus
Phalacrocorax penicillatus,Phalacrocorax penicillatus
Phalaenoptilus nuttallii,Phalaenoptilus nuttallii
Phalaropodidae,NA
Phalaropus,NA
Phalaropus fulicaria,NA
Phalaropus fulicarius,Phalaropus fulicarius
Phalaropus lobatus,Phalaropus lobatus
Phalaropus tricolor,Phalaropus tricolor
Phasianidae,NA
Phasianus colchicus,Phasianus colchicus
Pheucticus ludovicianus,Pheucticus ludovicianus
Pheucticus melanocephalus,Pheucticus melanocephalus
Philomachus pugnax,NA
Phoebastria nigripes,Phoebastria nigripes
Phoebetria fusca,Phoebetria fusca
Phoebetria palpebrata,Phoebetria palpebrata
Phoebetria,NA
Phoenicurus auroreus,Phoenicurus auroreus
Phoenicurus ochruros,Phoenicurus ochruros
Phoenicurus phoenicurus,Phoenicurus phoenicurus
Phylloscopus,NA
Phylloscopus borealoides,Phylloscopus borealoides
Phylloscopus collybita,Phylloscopus collybita
Phylloscopus coronatus,Phylloscopus coronatus
Phylloscopus ijimae,Phylloscopus ijimae
Phylloscopus inornatus,Phylloscopus inornatus
Phylloscopus sibilatrix,Phylloscopus sibilatrix
Phylloscopus,NA
Phylloscopus trochiloides,Phylloscopus trochiloides
Phylloscopus trochilus,Phylloscopus trochilus
Phylloscopus xanthodryas,Phylloscopus xanthodryas
Pica hudsonia,Pica hudsonia
Pica nuttalli,Pica nuttalli
Pica pica,Pica pica
Picidae,NA
Picoides albolarvatus,NA
Picoides arcticus,Picoides arcticus
Picoides arizonae,NA
Picoides borealis,NA
Picoides dorsalis,Picoides dorsalis
Picoides nuttallii,NA
Picoides pubescens,NA
Picoides scalaris,NA
Picoides tridactylus,Picoides tridactylus
Picoides villosus,NA
Picus awokera,Picus awokera
Picus canus,Picus canus
Picus viridis,Picus viridis
Pinicola enucleator,Pinicola enucleator
Pipilio chlorurus,NA
Pipilo aberti,NA
Pipilo chlorurus,Pipilo chlorurus
Pipilo crissalis,NA
Pipilo erythrophthalmus,Pipilo erythrophthalmus
Pipilo fuscus,NA
Pipilo maculatus,Pipilo maculatus
Pipilo spec,NA
Piranga flava,Piranga flava
Piranga ludoviciana,Piranga ludoviciana
Piranga olivacea,Piranga olivacea
Piranga rubra,Piranga rubra
Pitangus sulphuratus,Pitangus sulphuratus
Pittidae,NA
Platalea leucorodia,Platalea leucorodia
Platalea minor,Platalea minor
Plectrophenax nivalis,Plectrophenax nivalis
Pluvialis apricaria,Pluvialis apricaria
Pluvialis apricarius,NA
Pluvialis fulva,Pluvialis fulva
Pluvialis squatarola,Pluvialis squatarola
Plylloscopus trochilus,NA
Podiceps auritus,Podiceps auritus
Podiceps cornutus,NA
Podiceps cristatus,Podiceps cristatus
Podiceps grisegena,Podiceps grisegena
Podiceps nigricollis,Podiceps nigricollis
Podicipediformes,NA
Podilymbus podiceps,Podilymbus podiceps
Poecile,NA
Poecile atrcapillus,NA
Poecile atricapillus,Poecile atricapillus
Poecile carolinensis,Poecile carolinensis
Poecile gambeli,Poecile gambeli
Poecile hudsonica,NA
Poecile hudsonicus,Poecile hudsonicus
Poecile montanus,Poecile montanus
Poecile palustris,Poecile palustris
Poecilepalustris,NA
Poecile rufescens,Poecile rufescens
Poecile varius,NA
Polioptila caerulea,Polioptila caerulea
Polioptila melanura,Polioptila melanura
Polioptilidae,NA
Polyborus plancus,NA
Polysticta stelleri,Polysticta stelleri
Pooecetes gramineus,Pooecetes gramineus
Porzana carolina,Porzana carolina
Porzana fusca,NA
Procellaria aequinoct,NA
Procellaria aequinoctialis,Procellaria aequinoctialis
Procellaria cinerea,Procellaria cinerea
Procellaria parkinsoni,Procellaria parkinsoni
Procellaria westlandica,Procellaria westlandica
Procellariidae,NA
Procellariiformes,NA
Progne subis,Progne subis
Protonotaria citrea,Protonotaria citrea
Prunella collaris,Prunella collaris
Prunella modularis,Prunella modularis
Prunella rubida,Prunella rubida
Psaltriparus minimus,Psaltriparus minimus
Psittacula krameri,Psittacula krameri
Pterodoma nigripennis,NA
Pterodroma,NA
Pterodroma arminjonia,NA
Pterodroma arminjoniana,Pterodroma arminjoniana
Pterodroma baraui,Pterodroma baraui
Pterodroma cookii,Pterodroma cookii
Pterodroma cookilaria,NA
Pterodroma externa,Pterodroma externa
Pterodroma hasitata,Pterodroma hasitata
Pterodroma incerta,Pterodroma incerta
Pterodroma inexpectat,NA
Pterodroma inexpectata,Pterodroma inexpectata
Pterodroma lessonii,Pterodroma lessonii
Pterodroma leucoptera,Pterodroma leucoptera
Pterodroma longirostris,Pterodroma longirostris
Pterodroma macroptera,Pterodroma macroptera
Pterodroma mollis,Pterodroma mollis
Pterodroma neglecta,Pterodroma neglecta
Pterodroma phaeopygia,Pterodroma phaeopygia
Pterodroma rostrata,NA
Pterodroma sandwichensis,Pterodroma sandwichensis
Pterodroma solandri,Pterodroma solandri
Pterodroma,NA
Pterodroma,NA
Pterodroma ultima,Pterodroma ultima
Ptychoramphus aleuticus,Ptychoramphus aleuticus
Puffinus,NA
Puffinus assimilis,Puffinus assimilis
Puffinus atrodorsalis,NA
Puffinus auricularis,Puffinus auricularis
Puffinus baroli,Puffinus baroli
Puffinus bulleri,NA
Puffinus carneipes,NA
Puffinus creatopus,NA
Puffinus gavia,Puffinus gavia
Puffinus gravis,NA
Puffinus griseus,NA
Puffinus lherminieri,Puffinus lherminieri
Puffinus opisthomelas,Puffinus opisthomelas
Puffinus pacificus,NA
Puffinus puffinus,Puffinus puffinus
Puffinus,NA
Puffinus,NA
Puffinus tenuirostris,NA
Puffinus yelkouan,Puffinus yelkouan
Pycnonotidae,NA
Pycnonotus sinensis,Pycnonotus sinensis
Pygoscelis adeliae,Pygoscelis adeliae
Pygoscelis antarctica,NA
Pygoscelis antartica,NA
Pygoscelis papua,Pygoscelis papua
Pyrocephalus rubinus,Pyrocephalus rubinus
Pyrrhocorax pyrrhocorax,Pyrrhocorax pyrrhocorax
Pyrrhula pyrrhula,Pyrrhula pyrrhula
Quiscalus major,Quiscalus major
Quiscalus mexicanus,Quiscalus mexicanus
Quiscalus quiscula,Quiscalus quiscula
Rallus aquaticus,Rallus aquaticus
Recurvirostra americana,Recurvirostra americana
Recurvirostra avosetta,Recurvirostra avosetta
Regulus calendula,Regulus calendula
Regulus ignicapilla,Regulus ignicapilla
Regulus ignicapillus,NA
Regulus regules,NA
Regulus regulus,Regulus regulus
Regulus satrapa,Regulus satrapa
Remiz pendulinus,Remiz pendulinus
Riparia riparia,Riparia riparia
Rissa brevirostris,Rissa brevirostris
Rissa tridactyla,Rissa tridactyla
Rostratula benghalensis,Rostratula benghalensis
Rostrhamus sociabilis,Rostrhamus sociabilis
Rynchops niger,Rynchops niger
Salpinctes obsoletus,Salpinctes obsoletus
Saxicola rubetra,Saxicola rubetra
Saxicola torquata,NA
Saxicola torquatus,Saxicola torquatus
Sayornis nigricans,Sayornis nigricans
Sayornis phoebe,Sayornis phoebe
Sayornis saya,Sayornis saya
Sayornis spec,NA
Scolopacidae,NA
Scolopax rusticola,Scolopax rusticola
Seiurus aurocapilla,Seiurus aurocapilla
Seiurus aurocapillus,NA
Seiurus motacilla,NA
Seiurus noveboracensis,NA
Selasphorus platycercus,Selasphorus platycercus
Selasphorus rufus,Selasphorus rufus
Selasphorus sasin,Selasphorus sasin
Setophaga americana,Setophaga americana
Setophaga caerulescens,Setophaga caerulescens
Setophaga castanea,Setophaga castanea
Setophaga coronata,Setophaga coronata
Setophaga fusca,Setophaga fusca
Setophaga magnolia,Setophaga magnolia
Setophaga pensylvanica,Setophaga pensylvanica
Setophaga pinus,Setophaga pinus
Setophaga ruticilla,Setophaga ruticilla
Setophaga striata,Setophaga striata
Setophaga tigrina,Setophaga tigrina
Setophaga virens,Setophaga virens
Sialia currucoides,Sialia currucoides
Sialia mexicana,Sialia mexicana
Sialia sialis,Sialia sialis
Sialia spec,NA
Sitta canadensis,Sitta canadensis
Sitta carolinensis,Sitta carolinensis
Sitta europaea,Sitta europaea
Sitta pusilla,Sitta pusilla
Sitta pygmaea,Sitta pygmaea
Sittidae,NA
Somateria,NA
Somateria fischeri,Somateria fischeri
Somateria mollissima,Somateria mollissima
Somateria spectabilis,Somateria spectabilis
Speotyto cunicularia,NA
Sphyrapicus nuchalis,Sphyrapicus nuchalis
Sphyrapicus ruber,Sphyrapicus ruber
Sphyrapicus thyroideus,Sphyrapicus thyroideus
Sphyrapicus varius,Sphyrapicus varius
Spindalis zena,Spindalis zena
Spinus pinus,Spinus pinus
Spinus tristis,Spinus tristis
Spiza americana,Spiza americana
Spizella arborea,NA
Spizella atrogularis,Spizella atrogularis
Spizella breweri,Spizella breweri
Spizella pallida,Spizella pallida
Spizella passerina,Spizella passerina
Spizella pusilla,Spizella pusilla
Spodiopsar cineraceus,Spodiopsar cineraceus
Stelgidopteryx serripennis,Stelgidopteryx serripennis
Stellula calliope,NA
Stercorariidae,NA
Stercorarius,NA
Stercorarius longicaudus,Stercorarius longicaudus
Stercorarius parasiti,NA
Stercorarius parasiticus,Stercorarius parasiticus
Stercorarius pomarinu,NA
Stercorarius pomarinus,Stercorarius pomarinus
Stercorarius skua,Stercorarius skua
Sterna,NA
Sterna albifrons,NA
Sterna anaethetus,NA
Sterna antillarum,NA
Sterna balaenarum,NA
Sterna bengalensis,NA
Sterna bergii,NA
Sterna caspia,NA
Sterna dougallii,Sterna dougallii
Sterna elegans,NA
Sterna forsteri,Sterna forsteri
Sterna fuscata,NA
Sterna hirundo,Sterna hirundo
Sterna,NA
Sterna maxima,NA
Sterna paradisaea,Sterna paradisaea
Sterna,NA
Sterna repressa,Sterna repressa
Sterna sandvicensis,NA
Sterna sumatrana,Sterna sumatrana
Sterna virgata,Sterna virgata
Sterna vittata,Sterna vittata
Sternula albifrons,Sternula albifrons
Streptopelia decaocto,Streptopelia decaocto
Streptopelia orientalis,Streptopelia orientalis
Streptopelia turtur,Streptopelia turtur
Strix aluco,Strix aluco
Strix nebulosa,Strix nebulosa
Strix occidentalis,Strix occidentalis
Strix uralensis,Strix uralensis
Strix varia,Strix varia
Sturnella magna,Sturnella magna
Sturnella neglecta,Sturnella neglecta
Sturnus vulgaris,Sturnus vulgaris
Sula,NA
Sula bedouti,NA
Sula dactylatra,Sula dactylatra
Sula leucogaster,Sula leucogaster
Sula sula,Sula sula
Sulidae,NA
Surnia ulula,Surnia ulula
Sylvia atricapilla,Sylvia atricapilla
Sylvia borin,Sylvia borin
Sylvia communis,Sylvia communis
Sylvia curruca,Sylvia curruca
Sylviidae,NA
Synthliboramphus,NA
Synthliboramphus antiquus,Synthliboramphus antiquus
Synthliboramphus craveri,Synthliboramphus craveri
Synthliboramphus hypoleucus,Synthliboramphus hypoleucus
Syrmaticus soemmerringii,Syrmaticus soemmerringii
Tachybaptus ruficollis,Tachybaptus ruficollis
Tachycineta bicolor,Tachycineta bicolor
Tachycineta thalassina,Tachycineta thalassina
Tadorna tadorna,Tadorna tadorna
Tarsiger cyanurus,Tarsiger cyanurus
Terpsiphone atrocaudata,Terpsiphone atrocaudata
Tetrao tetrix,Tetrao tetrix
Tetrao urogallus,Tetrao urogallus
Tetrastes bonasia,Tetrastes bonasia
Thalassarche bulleri,Thalassarche bulleri
Thalassarche carteri,NA
Thalassarche cauta,Thalassarche cauta
Thalassarche chrysostoma,Thalassarche chrysostoma
Thalassarche eremita,Thalassarche eremita
Thalassarche melanoph,NA
Thalassarche melanophrys,NA
Thalassarche salvini,Thalassarche salvini
Thalassarche steadi,NA
Thalassoica antarctica,Thalassoica antarctica
Threskiornithidae,NA
Thryomanes bewickii,Thryomanes bewickii
Thryothorus ludovicianus,Thryothorus ludovicianus
Todus mexicanus,Todus mexicanus
Toxostoma bendirei,Toxostoma bendirei
Toxostoma crissale,Toxostoma crissale
Toxostoma curvirostre,Toxostoma curvirostre
Toxostoma lecontei,Toxostoma lecontei
Toxostoma longirostre,Toxostoma longirostre
Toxostoma redivivum,Toxostoma redivivum
Toxostoma rufum,Toxostoma rufum
Treron formosae,Treron formosae
Treron sieboldii,Treron sieboldii
Tringa,NA
Tringa erythropus,Tringa erythropus
Tringa flavipes,Tringa flavipes
Tringa glareola,Tringa glareola
Tringa guttifer,Tringa guttifer
Tringa melanoleuca,Tringa melanoleuca
Tringa nebularia,Tringa nebularia
Tringa ochropus,Tringa ochropus
Tringa solitaria,Tringa solitaria
Tringa stagnatilis,Tringa stagnatilis
Tringa totanus,Tringa totanus
Trochilidae,NA
Troglodytes aedon,Troglodytes aedon
Troglodytes hiemalis,Troglodytes hiemalis
Troglodytes troglodytes,Troglodytes troglodytes
Troglodytidae,NA
Trogon elegans,Trogon elegans
Turdidae,NA
Turdus cardis,Turdus cardis
Turdus chrysolaus,Turdus chrysolaus
Turdus iliacus,Turdus iliacus
Turdus merula,Turdus merula
Turdus migratorius,Turdus migratorius
Turdus naumanni,Turdus naumanni
Turdus obscurus,Turdus obscurus
Turdus philomelos,Turdus philomelos
Turdus pilaris,Turdus pilaris
Turdus plumbeus,Turdus plumbeus
Turdus torquatus,Turdus torquatus
Turdus viscivorus,Turdus viscivorus
Tympanuchus cupido,Tympanuchus cupido
Tympanuchus pallidicinctus,Tympanuchus pallidicinctus
Tympanuchus phasianellus,Tympanuchus phasianellus
Tyrannus couchii,Tyrannus couchii
Tyrannus crassirostris,Tyrannus crassirostris
Tyrannus dominicensis,Tyrannus dominicensis
Tyrannus forficatus,Tyrannus forficatus
Tyrannus melancholicus,Tyrannus melancholicus
Tyrannus tyrannus,Tyrannus tyrannus
Tyrannus verticalis,Tyrannus verticalis
Tyrannus vociferans,Tyrannus vociferans
Tyto alba,Tyto alba
Upupa epops,Upupa epops
Uragus sibiricus,NA
Uria,NA
Uria aalge,Uria aalge
Uria lomvia,Uria lomvia
Uria,NA
Urosphena squameiceps,Urosphena squameiceps
Vanellus cinereus,Vanellus cinereus
Vanellus vanellus,Vanellus vanellus
Vermivora celata,NA
Vermivora chrysoptera,Vermivora chrysoptera
Vermivora cyanoptera,Vermivora cyanoptera
Vermivora luciae,NA
Vermivora peregrina,NA
Vermivora pinus,NA
Vermivora ruficapilla,NA
Vermivora virginiae,NA
Vireo,NA
Vireo altiloquus,Vireo altiloquus
Vireo atricapillus,NA
Vireo bellii,Vireo bellii
Vireo cassinii,Vireo cassinii
Vireo flavifrons,Vireo flavifrons
Vireo gilvus,Vireo gilvus
Vireo griseus,Vireo griseus
Vireo huttoni,Vireo huttoni
Vireo olivaceu,NA
Vireo olivaceus,Vireo olivaceus
Vireo philadelphicus,Vireo philadelphicus
Vireo plumbeus,Vireo plumbeus
Vireo solitarius,Vireo solitarius
Vireo spec,NA
Vireo unidentified,NA
Vireo vicinior,Vireo vicinior
Wilsonia canadensis,NA
Wilsonia citrina,NA
Wilsonia pusilla,NA
Xanthocephalus xanthocephalus,Xanthocephalus xanthocephalus
Xema sabini,Xema sabini
Xenus cinereus,Xenus cinereus
Zenaida asiatica,Zenaida asiatica
Zenaida macroura,Zenaida macroura
Zonotrichia albicollis,Zonotrichia albicollis
Zonotrichia leucophrys,Zonotrichia leucophrys
Zonotrichia querula,Zonotrichia querula
Zoothera dauma,Zoothera dauma
Zoothera naevia,NA
Zoothera sibirica,NA
Zosterops japonicus,Zosterops japonicus
